[
   {
      "title": "13 Gantry Row",
      "year": 1998,
      "binder": 1,
      "page": 1,
      "slot": 1,
      "viewed": true
   },
   {
      "title": "2001: A Space Odyssey",
      "year": "1968",
      "binder": 1,
      "page": 1,
      "slot": 2,
      "viewed": false
   },
   {
      "title": "28 Days Later",
      "year": "2002",
      "binder": 1,
      "page": 1,
      "slot": 3,
      "viewed": true
   },
   {
      "title": "A Nightmare on Elm Street",
      "year": "1984",
      "binder": 1,
      "page": 2,
      "slot": 1,
      "viewed": true
   },
   {
      "title": "Aelita",
      "year": "1924",
      "binder": 1,
      "page": 2,
      "slot": 2,
      "viewed": true
   },
   {
      "title": "Aenigma",
      "year": "1987",
      "binder": 1,
      "page": 2,
      "slot": 3,
      "viewed": true
   },
   {
      "title": "Aerobicide",
      "year": "1986",
      "binder": 1,
      "page": 3,
      "slot": 1,
      "viewed": true
   },
   {
      "title": "Alligator",
      "year": "1980",
      "binder": 1,
      "page": 3,
      "slot": 2,
      "viewed": true
   },
   {
      "title": "Basket Case",
      "year": "1982",
      "binder": 1,
      "page": 3,
      "slot": 3,
      "viewed": false
   },
   {
      "title": "Black Sabbath",
      "year": "1963",
      "binder": 2,
      "page": 1,
      "slot": 1,
      "viewed": false
   },
   {
      "title": "Black Sunday",
      "year": "1977",
      "binder": 2,
      "page": 1,
      "slot": 2,
      "viewed": false
   },
   {
      "title": "Curse of the Puppet Master",
      "year": "1998",
      "binder": 2,
      "page": 1,
      "slot": 3,
      "viewed": false
   },
   {
      "title": "The Curse of the Werewolf",
      "year": "1961",
      "binder": 2,
      "page": 2,
      "slot": 1,
      "viewed": false
   },
   {
      "title": "The Curse",
      "year": "1987",
      "binder": 2,
      "page": 2,
      "slot": 2,
      "viewed": true
   },
   {
      "title": "Cursed",
      "year": "2005",
      "binder": 2,
      "page": 2,
      "slot": 3,
      "viewed": true
   },
   {
      "title": "Cursed (Unrated Version)",
      "year": "2005",
      "binder": 2,
      "page": 3,
      "slot": 1,
      "viewed": true
   },
   {
      "title": "Cut",
      "year": "2000",
      "binder": 2,
      "page": 3,
      "slot": 2,
      "viewed": true
   },
   {
      "title": "Dagon",
      "year": "2001",
      "binder": 2,
      "page": 3,
      "slot": 3,
      "viewed": true
   },
   {
      "title": "Daleks' Invasion Earth: 2150 A.D.",
      "year": "1966",
      "binder": 3,
      "page": 1,
      "slot": 1,
      "viewed": true
   },
   {
      "title": "Damien: Omen II",
      "year": "1978",
      "binder": 3,
      "page": 1,
      "slot": 2,
      "viewed": true
   },
   {
      "title": "Dark City",
      "year": "1998",
      "binder": 3,
      "page": 1,
      "slot": 3,
      "viewed": true
   },
   {
      "title": "Freddy Vs. Jason",
      "year": "2003",
      "binder": 3,
      "page": 2,
      "slot": 1,
      "viewed": true
   },
   {
      "title": "Night Flier",
      "year": "1997",
      "binder": 3,
      "page": 2,
      "slot": 2,
      "viewed": true
   },
   {
      "title": "Night of the Living Dead (Millennium Edition)",
      "year": "2002",
      "binder": 3,
      "page": 2,
      "slot": 3,
      "viewed": false
   },
   {
      "title": "Night of the Living Dead: 30th Anniversary Edition",
      "year": "1999",
      "binder": 3,
      "page": 3,
      "slot": 1,
      "viewed": false
   },
   {
      "title": "Night of the Zombies",
      "year": "1983",
      "binder": 3,
      "page": 3,
      "slot": 2,
      "viewed": false
   },
   {
      "title": "Nosferatu",
      "year": "1922",
      "binder": 3,
      "page": 3,
      "slot": 3,
      "viewed": false
   },
   {
      "title": "Nosferatu",
      "year": "1979",
      "binder": 4,
      "page": 1,
      "slot": 1,
      "viewed": true
   },
   {
      "title": "Notorious",
      "year": "1946",
      "binder": 4,
      "page": 1,
      "slot": 2,
      "viewed": true
   },
   {
      "title": "Odishon",
      "year": "1999",
      "binder": 4,
      "page": 1,
      "slot": 3,
      "viewed": true
   },
   {
      "title": "Terminator 3: Rise of the Machines",
      "year": "2003",
      "binder": 4,
      "page": 2,
      "slot": 1,
      "viewed": true
   },
   {
      "title": "The Terminator",
      "year": "1984",
      "binder": 4,
      "page": 2,
      "slot": 2,
      "viewed": true
   },
   {
      "title": "Terror Train",
      "year": "1980",
      "binder": 4,
      "page": 2,
      "slot": 3,
      "viewed": true
   },
   {
      "title": "The Terror Within",
      "year": "1989",
      "binder": 4,
      "page": 3,
      "slot": 1,
      "viewed": true
   },
   {
      "title": "The Terror",
      "year": "1963",
      "binder": 4,
      "page": 3,
      "slot": 2,
      "viewed": true
   },
   {
      "title": "The Hunchback of Notre Dame",
      "year": "2002",
      "binder": 4,
      "page": 3,
      "slot": 3,
      "viewed": true
   },
   {
      "title": "The Lair of the White Worm",
      "year": "2003",
      "binder": 5,
      "page": 1,
      "slot": 1,
      "viewed": true
   },
   {
      "title": "The Last House on the Left",
      "year": "2000",
      "binder": 5,
      "page": 1,
      "slot": 2,
      "viewed": true
   },
   {
      "title": "They Crawl",
      "year": "2001",
      "binder": 5,
      "page": 1,
      "slot": 3,
      "viewed": false
   },
   {
      "title": "The Thing From Another World",
      "year": "1951",
      "binder": 5,
      "page": 2,
      "slot": 1,
      "viewed": false
   },
   {
      "title": "The Thing",
      "year": "1982",
      "binder": 5,
      "page": 2,
      "slot": 2,
      "viewed": false
   },
   {
      "title": "Thinner",
      "year": "1996",
      "binder": 5,
      "page": 2,
      "slot": 3,
      "viewed": true
   },
   {
      "title": "Tombs of the Blind Dead",
      "year": "1971",
      "binder": 5,
      "page": 3,
      "slot": 1,
      "viewed": true
   },
   {
      "title": "The Toolbox Murders",
      "year": "1978",
      "binder": 5,
      "page": 3,
      "slot": 2,
      "viewed": true
   },
   {
      "title": "Waxwork",
      "year": "1988",
      "binder": 5,
      "page": 3,
      "slot": 3,
      "viewed": true
   },
   {
      "title": "Werewolf",
      "year": "2000",
      "binder": 5,
      "page": 4,
      "slot": 1,
      "viewed": true
   },
   {
      "title": "Zombie",
      "year": "1979",
      "binder": 5,
      "page": 4,
      "slot": 2,
      "viewed": true
   }
]